1;Cooper Black
9;Clear Message
12;RazorQueen Blade
15;RazorQueen Tail
23;Jukebox Backdrop
29;Blanket of Goo
32;Play Button
34;PreloaderSword
34;PreloaderSword
32;Play Button
29;Blanket of Goo
1;Cooper Black
145;Reward Display
146;Award Case
147;Award
149;Award Shadow
151;Medal Bronze
153;Medal Gold
155;Medal Silver
157;Stopwatch
159;Plus Sign
160;New Award Notice
162;Decal Missing
164;Dc First Amalgam
166;Dc First Biter
168;Dc First Clutter
170;Dc First Frostie
172;Dc First Fuzzle
174;Dc First Gloople
176;Dc First Gray
178;Dc First Grinder
180;Dc First Horror
182;Dc First Inkie
184;Dc First Meltie
186;Dc First Oozle
188;Dc First Sharp
190;Dc First Stickie
192;Dc First Torchie
194;Dc First Void Eater
196;Dc x2 Combo
198;Dc x3 Combo
200;Dc x4 Combo
202;Dc x5 Combo
204;Dc First Queen
206;Dc First Razor Queen
208;Dc 20pt Swing
210;Dc 50pt Swing
212;Dc 75pt Swing
214;Dc 100pt Swing
216;Dc 150pt Swing
218;Dc 200pt Swing
220;Dc 300pt Swing
222;Dc Score 100
224;Dc Score 200
226;Dc Score 350
228;Dc Score 500
230;Dc Score 750
232;Dc Score 1000
234;Dc Score 1500
236;Dc Score 2000
238;Dc Score 3000
240;Dc Score 2500
242;Dc Clear Short Nest
244;Dc Clear Normal Nest
246;Dc Clear Long Nest
248;Dc x6 Combo
250;Dc x7 Combo
252;Dc x8 Combo
254;Dc Survive 1 min
256;Dc Survive 2 min
258;Dc Survive 3 min
260;Dc Survive 4 min
262;Dc Survive 5 min
264;Dc Survive 7 min
266;Dc Survive 10 min
268;Dc Kill 1000 Glooples
270;Dc Kill 15 Oozles
272;Dc Kill 100 Stickies
274;Dc Kill 50 Clutters
276;Dc Kill 70 Biters
278;Dc Kill 50 Melties
280;Dc Kill 5 Grays
282;Dc Kill 4 Grinders
284;Dc Kill 10 Sharps
286;Dc Kill 20 Fuzzles
288;Dc Kill 30 Inkies
290;Dc Kill 6 Frosties
292;Dc Kill 15 Amalgams
294;Dc Kill 6 Torchies
296;Dc Kill 3 Horrors
298;Dc Kill 3 Void Eaters
300;Dc Kill 3 Queens
302;Dc Kill 2 Razor Queens
304;Dc 5 min Playtime
306;Dc 10 min Playtime
308;Dc 20 min Playtime
310;Dc 30 min Playtime
312;Dc 45 min Playtime
314;Dc 60 min Playtime
316;Dc 90 min Playtime
318;Dc 50 Deaths
320;Dc 100 Deaths
322;Dc Died 5 Ways
324;Dc Died 10 Ways
326;Dc Died 15 Ways
328;Dc 10 Deaths
330;Dc 25 Deaths
332;Dc 2 minute Pause
334;Dc 30 Bumps
336;Dc Blind Kill
338;Dc Survive Blackout
340;Dc Survive Fire
342;Dc Survive Ice
344;Dc Survive Explosion
346;Ribbon Career
348;Ribbon Combo
350;Ribbon Deaths
352;Ribbon First
354;Ribbon Points
356;Ribbon Score
358;Ribbon Survival
360;Ribbon Time
362;Ribbon Clear
364;Dc 50 Sparks
366;Dc Bogged by Clutters
368;Dc Clutter at Finish
370;Dc Fling Sharp
372;Dc Jackpot
374;Dc Stuck 1 Minute
376;Dc Next Song 5 Times
378;Ribbon Hazard
380;Ribbon Heart
382;Ribbon Lucky
384;Ribbon Skill
386;Dc Sharp as Weapon
388;Dc Practice 10 min
390;Dc Smother 10 Fires
392;Dc Shave Fuzzle 3 Times
394;Dc Push Clutter
396;Dc Ambush
398;Dc 5 Queen Misses
400;Dc 10 Straight Combos
404;Award Glow
406;Dc 4 Color Splats
408;Dc Splat a Glom
410;Dc Perfect Run
412;Dc 30 Secs Without Swinging
414;Award Info Plate
415;Award Exporter
417;Backdrop1
419;Backdrop2
421;Backdrop3
423;Backdrop4
425;Backdrop5
427;Backdrop6
429;Backdrop7
431;Backdrop8
433;Backdrop9
435;Click to Exit
1;Cooper Black
1;Cooper Black
450;Rematch Button
451;Death Popup
460;FireworkVis
461;Firework
1;Cooper Black
467;Jukebox Display
1;Cooper Black
1;Cooper Black
470;Nest Clear Bonus
473;Nest Counter
1;Cooper Black
1;Cooper Black
476;New High Score Text
477;New High Score!
482;New Weapon Unlocked!
484;SparkleVis
485;Sparkle
487;To Exit Practice
1;Cooper Black
1;Cooper Black
496;Tile
496;Tile
496;Tile
496;Tile
496;Tile
496;Tile
496;Tile
496;Tile
496;Tile
496;Tile
496;Tile
496;Tile
496;Tile
496;Tile
496;Tile
496;Tile
496;Tile
496;Tile
497;Beastiary Plate
500;Data Display
501;Data Panel
1;Cooper Black
510;Info Amalgam
1;Cooper Black
534;Info Biter
1;Cooper Black
549;Info Clutter
1;Cooper Black
553;Info Frostie
1;Cooper Black
602;Info Fuzzle
1;Cooper Black
610;Info Gloople
1;Cooper Black
730;Info Gray
1;Cooper Black
737;Info Grinder
1;Cooper Black
768;Info Horror
1;Cooper Black
776;Info Inkie
1;Cooper Black
789;Info Meltie
1;Cooper Black
797;Info Oozle
1;Cooper Black
803;Info Queen
1;Cooper Black
807;Info RazorQueen
1;Cooper Black
864;Info Sharp
1;Cooper Black
872;Info Stickie
1;Cooper Black
882;Info Torchie
1;Cooper Black
1;Cooper Black
1009;Info VoidEater
1;Cooper Black
1;Cooper Black
1;Cooper Black
1;Cooper Black
1;Cooper Black
1;Cooper Black
1;Cooper Black
1;Cooper Black
1;Cooper Black
1;Cooper Black
1;Cooper Black
1;Cooper Black
1028;Reset Scores Button
1029;Option Menu
1;Cooper Black
496;Tile
496;Tile
496;Tile
496;Tile
496;Tile
496;Tile
496;Tile
496;Tile
496;Tile
496;Tile
496;Tile
496;Tile
496;Tile
496;Tile
496;Tile
496;Tile
496;Tile
496;Tile
1;Cooper Black
1;Cooper Black
1;Cooper Black
1035;Practice Plate
1037;Tile Shader
1042;SwordButton RazorGlaive
1046;SwordButton Splatmaster
1047;Weapon Select
1048;Accelerated Lifestyle
1049;As We May Think
1050;Biomythos
1051;City Lights at Night
1052;Double the Daily Dose
1053;Effects of Elevation
1054;Habitual Ritual
1055;Invisible Walls
1056;Mind Mapping
1057;Obscure Terrain
1058;Ventus Solaris
1059;Weekend Amnesia
1060;Music Exporter
1061;BigFire
1062;BiterGrowl1
1063;BiterGrowl2
1064;BiterGrowl3
1065;Boing
1066;Cheers
1067;Clang
1068;Disintigrate
1069;Explode
1070;Firework1
1071;Firework2
1072;Fireworklight
1073;FrostiePop
1074;FuzzBite1
1075;FuzzGrowl
1076;FuzzBite2
1077;Glom
1078;Goo
1079;GrayRetract
1080;GraySnap
1081;GraySpear
1082;Grind
1083;GrinderHurt
1084;GrinderKill
1085;GrindRumble
1086;HeroIcebreak
1087;HorrorAmb
1088;HorrorDisk
1089;HorrorHooks
1090;HorrorKill
1091;HorrorSplit
1092;Icebreak1
1093;Icebreak2
1094;Icebreak3
1095;Kaching
1096;LarvaCrunch
1097;LarvaSpawn
1098;LilSplat
1099;Lit
1100;Oomph
1101;Pebble
1102;Pop
1103;QueenHatch
1104;Rend
1105;SharpsIn
1106;SharpsOut
1107;Sizzle
1108;Slice
1109;Spit
1110;Splash
1111;Splat
1112;Swing
1113;Victory!
1114;VoidBeam
1115;VoidCharge
1116;VoidField
1117;VoidPulse
1118;Wound
1119;Spiny Chirp
1120;Spiny Pop
1121;Shatter
1122;Mite Jump
1123;Spiny Pressure
1124;LogoAmb
1125;LogoHit
1126;Razor Spit
1127;AwardGet
1128;Impact
1129;Sound Exporter
1131;Frost
1198;Gloople Flame
1221;Queen Wisp
1235;Splat1
1249;Splat2
1263;Splat3
23;Jukebox Backdrop
1265;Razor Tooth
1;Cooper Black
1271;Hazard Suit Body
1273;Hazard Suit Head
1276;Armor Body
1279;Armor Head
1271;Hazard Suit Body
1273;Hazard Suit Head
1276;Armor Body
1279;Armor Head
1271;Hazard Suit Body
1273;Hazard Suit Head
1276;Armor Body
1279;Armor Head
1271;Hazard Suit Body
1273;Hazard Suit Head
1276;Armor Body
1279;Armor Head
1271;Hazard Suit Body
1273;Hazard Suit Head
1276;Armor Body
1279;Armor Head
1271;Hazard Suit Body
1273;Hazard Suit Head
1276;Armor Body
1279;Armor Head
1271;Hazard Suit Body
1273;Hazard Suit Head
1276;Armor Body
1279;Armor Head
1271;Hazard Suit Body
1273;Hazard Suit Head
1276;Armor Body
1279;Armor Head
1271;Hazard Suit Body
1273;Hazard Suit Head
1276;Armor Body
1279;Armor Head
1271;Hazard Suit Body
1273;Hazard Suit Head
1276;Armor Body
1279;Armor Head
1271;Hazard Suit Body
1273;Hazard Suit Head
1276;Armor Body
1279;Armor Head
1271;Hazard Suit Body
1273;Hazard Suit Head
1276;Armor Body
1279;Armor Head
1271;Hazard Suit Body
1273;Hazard Suit Head
1276;Armor Body
1279;Armor Head
1271;Hazard Suit Body
1273;Hazard Suit Head
1276;Armor Body
1279;Armor Head
1271;Hazard Suit Body
1273;Hazard Suit Head
1276;Armor Body
1279;Armor Head
1271;Hazard Suit Body
1273;Hazard Suit Head
1276;Armor Body
1279;Armor Head
1271;Hazard Suit Body
1273;Hazard Suit Head
1276;Armor Body
1279;Armor Head
1271;Hazard Suit Body
1273;Hazard Suit Head
1276;Armor Body
1279;Armor Head
1271;Hazard Suit Body
1273;Hazard Suit Head
1276;Armor Body
1279;Armor Head
1271;Hazard Suit Body
1273;Hazard Suit Head
1276;Armor Body
1279;Armor Head
1271;Hazard Suit Body
1273;Hazard Suit Head
1276;Armor Body
1279;Armor Head
1271;Hazard Suit Body
1273;Hazard Suit Head
1276;Armor Body
1279;Armor Head
1271;Hazard Suit Body
1273;Hazard Suit Head
1276;Armor Body
1279;Armor Head
1271;Hazard Suit Body
1273;Hazard Suit Head
1276;Armor Body
1279;Armor Head
1271;Hazard Suit Body
1273;Hazard Suit Head
1276;Armor Body
1279;Armor Head
1271;Hazard Suit Body
1273;Hazard Suit Head
1276;Armor Body
1279;Armor Head
1271;Hazard Suit Body
1273;Hazard Suit Head
1276;Armor Body
1279;Armor Head
1271;Hazard Suit Body
1273;Hazard Suit Head
1276;Armor Body
1279;Armor Head
1271;Hazard Suit Body
1273;Hazard Suit Head
1276;Armor Body
1279;Armor Head
1271;Hazard Suit Body
1273;Hazard Suit Head
1276;Armor Body
1279;Armor Head
1271;Hazard Suit Body
1273;Hazard Suit Head
1276;Armor Body
1279;Armor Head
1271;Hazard Suit Body
1273;Hazard Suit Head
1276;Armor Body
1279;Armor Head
1271;Hazard Suit Body
1273;Hazard Suit Head
1276;Armor Body
1279;Armor Head
1271;Hazard Suit Body
1273;Hazard Suit Head
1276;Armor Body
1279;Armor Head
1271;Hazard Suit Body
1273;Hazard Suit Head
1276;Armor Body
1279;Armor Head
1271;Hazard Suit Body
1273;Hazard Suit Head
1276;Armor Body
1279;Armor Head
1271;Hazard Suit Body
1273;Hazard Suit Head
1276;Armor Body
1279;Armor Head
1271;Hazard Suit Body
1273;Hazard Suit Head
1276;Armor Body
1279;Armor Head
1271;Hazard Suit Body
1273;Hazard Suit Head
1276;Armor Body
1279;Armor Head
1271;Hazard Suit Body
1273;Hazard Suit Head
1276;Armor Body
1279;Armor Head
1271;Hazard Suit Body
1273;Hazard Suit Head
1276;Armor Body
1279;Armor Head
1;Cooper Black
1;Cooper Black
1;Cooper Black
1;Cooper Black
1;Cooper Black
1;Cooper Black
1;Cooper Black
1;Cooper Black
1;Cooper Black
1;Cooper Black
1;Cooper Black
1;Cooper Black
1;Cooper Black
1;Cooper Black
1;Cooper Black
1319;Instruction Plate
1322;Pause Icon
1324;Pause Blanket
1;Cooper Black
1330;Tip Scroll
1332;Tip Browser
1;Cooper Black
1334;Hint Text
1336;Reset All Conf
1338;Selector
1342;Small Nest Button
1345;Huge Nest Button
1348;Big Nest Button
1349;Nest Size Selector
1338;Selector
1353;Slow Ramp Button
1356;Fast Ramp Button
1359;Medium Ramp Button
1360;Difficulty Ramp Selector
1363;Sprint Footprint
1365;Reward Tab
1369;SetLight A
1374;Charge Gauge
1378;Reward Icon Sprint
1380;Sprint Puff
1384;Reward Icon Grenade
1386;Grenade
1390;Reward Icon Lure
1395;Lure
1397;Pheremone
1400;Spike
1404;Reward Icon Spike
1407;Repulse Field
1434;Repulse Bloom
1437;SetLight D
1440;SetLight S
1444;Reward Icon Choker
1449;Choker
1460;Runner Line
1482;Telepad
1486;Reward Icon Teleport
1490;Teleport Bolt
1496;Teleport Gap
1498;Spark
1502;Spark Shower
1506;Reward Icon Mason
1509;Mason Bomb
1516;Mason Blast
1521;Mason Wall
1523;RockDust
1527;Reward Icon Armor
1276;Armor Body
1279;Armor Head
1529;Armor Body Frozen
1531;Armor Head Frozen
1537;Armor Shard
1551;Armor Blast
1555;Reward Icon Hazard Suit
1271;Hazard Suit Body
1273;Hazard Suit Head
1561;Suit Tatter
1567;Light Scrapmetal
1570;Box Leg
1570;Box Leg
1570;Box Leg
1570;Box Leg
1578;Box Case
1580;Box Foot A
1582;Box Foot B
1582;Box Foot B
1580;Box Foot A
1570;Box Leg
1570;Box Leg
1570;Box Leg
1570;Box Leg
1578;Box Case
1580;Box Foot A
1582;Box Foot B
1582;Box Foot B
1580;Box Foot A
1570;Box Leg
1570;Box Leg
1570;Box Leg
1570;Box Leg
1578;Box Case
1580;Box Foot A
1582;Box Foot B
1582;Box Foot B
1580;Box Foot A
1570;Box Leg
1570;Box Leg
1570;Box Leg
1570;Box Leg
1578;Box Case
1580;Box Foot A
1582;Box Foot B
1582;Box Foot B
1580;Box Foot A
1570;Box Leg
1570;Box Leg
1570;Box Leg
1570;Box Leg
1578;Box Case
1580;Box Foot A
1582;Box Foot B
1582;Box Foot B
1580;Box Foot A
1570;Box Leg
1570;Box Leg
1570;Box Leg
1570;Box Leg
1578;Box Case
1580;Box Foot A
1582;Box Foot B
1582;Box Foot B
1580;Box Foot A
1570;Box Leg
1570;Box Leg
1570;Box Leg
1570;Box Leg
1578;Box Case
1580;Box Foot A
1582;Box Foot B
1582;Box Foot B
1580;Box Foot A
1570;Box Leg
1570;Box Leg
1570;Box Leg
1570;Box Leg
1578;Box Case
1580;Box Foot A
1582;Box Foot B
1582;Box Foot B
1580;Box Foot A
1570;Box Leg
1570;Box Leg
1570;Box Leg
1570;Box Leg
1578;Box Case
1580;Box Foot A
1582;Box Foot B
1582;Box Foot B
1580;Box Foot A
1570;Box Leg
1570;Box Leg
1570;Box Leg
1570;Box Leg
1578;Box Case
1580;Box Foot A
1582;Box Foot B
1582;Box Foot B
1580;Box Foot A
1570;Box Leg
1570;Box Leg
1570;Box Leg
1570;Box Leg
1578;Box Case
1580;Box Foot A
1582;Box Foot B
1582;Box Foot B
1580;Box Foot A
1584;Box Plate
1570;Box Leg
1584;Box Plate
1570;Box Leg
1584;Box Plate
1570;Box Leg
1584;Box Plate
1570;Box Leg
1578;Box Case
1580;Box Foot A
1582;Box Foot B
1582;Box Foot B
1580;Box Foot A
1584;Box Plate
1570;Box Leg
1584;Box Plate
1570;Box Leg
1584;Box Plate
1570;Box Leg
1584;Box Plate
1570;Box Leg
1578;Box Case
1580;Box Foot A
1582;Box Foot B
1582;Box Foot B
1580;Box Foot A
1584;Box Plate
1570;Box Leg
1584;Box Plate
1570;Box Leg
1584;Box Plate
1570;Box Leg
1584;Box Plate
1570;Box Leg
1578;Box Case
1580;Box Foot A
1582;Box Foot B
1582;Box Foot B
1580;Box Foot A
1584;Box Plate
1570;Box Leg
1584;Box Plate
1570;Box Leg
1584;Box Plate
1570;Box Leg
1584;Box Plate
1570;Box Leg
1578;Box Case
1580;Box Foot A
1582;Box Foot B
1582;Box Foot B
1580;Box Foot A
1584;Box Plate
1570;Box Leg
1584;Box Plate
1570;Box Leg
1584;Box Plate
1570;Box Leg
1584;Box Plate
1570;Box Leg
1578;Box Case
1580;Box Foot A
1582;Box Foot B
1582;Box Foot B
1580;Box Foot A
1584;Box Plate
1570;Box Leg
1584;Box Plate
1570;Box Leg
1584;Box Plate
1570;Box Leg
1584;Box Plate
1570;Box Leg
1578;Box Case
1580;Box Foot A
1582;Box Foot B
1582;Box Foot B
1580;Box Foot A
1584;Box Plate
1570;Box Leg
1584;Box Plate
1570;Box Leg
1584;Box Plate
1570;Box Leg
1584;Box Plate
1570;Box Leg
1578;Box Case
1580;Box Foot A
1582;Box Foot B
1582;Box Foot B
1580;Box Foot A
1584;Box Plate
1570;Box Leg
1584;Box Plate
1570;Box Leg
1584;Box Plate
1570;Box Leg
1584;Box Plate
1570;Box Leg
1578;Box Case
1580;Box Foot A
1582;Box Foot B
1582;Box Foot B
1580;Box Foot A
1584;Box Plate
1570;Box Leg
1584;Box Plate
1570;Box Leg
1584;Box Plate
1570;Box Leg
1584;Box Plate
1570;Box Leg
1578;Box Case
1580;Box Foot A
1582;Box Foot B
1582;Box Foot B
1580;Box Foot A
1584;Box Plate
1570;Box Leg
1584;Box Plate
1570;Box Leg
1584;Box Plate
1570;Box Leg
1584;Box Plate
1570;Box Leg
1578;Box Case
1580;Box Foot A
1582;Box Foot B
1582;Box Foot B
1580;Box Foot A
1584;Box Plate
1570;Box Leg
1584;Box Plate
1570;Box Leg
1584;Box Plate
1570;Box Leg
1584;Box Plate
1570;Box Leg
1578;Box Case
1580;Box Foot A
1582;Box Foot B
1582;Box Foot B
1580;Box Foot A
1584;Box Plate
1570;Box Leg
1584;Box Plate
1570;Box Leg
1584;Box Plate
1570;Box Leg
1584;Box Plate
1570;Box Leg
1578;Box Case
1580;Box Foot A
1582;Box Foot B
1582;Box Foot B
1580;Box Foot A
1584;Box Plate
1570;Box Leg
1584;Box Plate
1570;Box Leg
1584;Box Plate
1570;Box Leg
1584;Box Plate
1570;Box Leg
1580;Box Foot A
1582;Box Foot B
1582;Box Foot B
1580;Box Foot A
1584;Box Plate
1570;Box Leg
1584;Box Plate
1570;Box Leg
1584;Box Plate
1570;Box Leg
1584;Box Plate
1570;Box Leg
1580;Box Foot A
1582;Box Foot B
1582;Box Foot B
1580;Box Foot A
1584;Box Plate
1570;Box Leg
1584;Box Plate
1570;Box Leg
1584;Box Plate
1570;Box Leg
1584;Box Plate
1570;Box Leg
1580;Box Foot A
1582;Box Foot B
1582;Box Foot B
1580;Box Foot A
1584;Box Plate
1570;Box Leg
1584;Box Plate
1570;Box Leg
1584;Box Plate
1570;Box Leg
1584;Box Plate
1570;Box Leg
1580;Box Foot A
1582;Box Foot B
1582;Box Foot B
1580;Box Foot A
1584;Box Plate
1570;Box Leg
1584;Box Plate
1570;Box Leg
1584;Box Plate
1570;Box Leg
1584;Box Plate
1570;Box Leg
1580;Box Foot A
1582;Box Foot B
1582;Box Foot B
1580;Box Foot A
1584;Box Plate
1570;Box Leg
1584;Box Plate
1570;Box Leg
1584;Box Plate
1570;Box Leg
1584;Box Plate
1570;Box Leg
1580;Box Foot A
1582;Box Foot B
1582;Box Foot B
1580;Box Foot A
1584;Box Plate
1570;Box Leg
1584;Box Plate
1570;Box Leg
1584;Box Plate
1570;Box Leg
1584;Box Plate
1570;Box Leg
1580;Box Foot A
1582;Box Foot B
1582;Box Foot B
1580;Box Foot A
1584;Box Plate
1570;Box Leg
1584;Box Plate
1570;Box Leg
1584;Box Plate
1570;Box Leg
1584;Box Plate
1570;Box Leg
1580;Box Foot A
1582;Box Foot B
1582;Box Foot B
1580;Box Foot A
1584;Box Plate
1570;Box Leg
1584;Box Plate
1570;Box Leg
1584;Box Plate
1570;Box Leg
1584;Box Plate
1570;Box Leg
1580;Box Foot A
1582;Box Foot B
1582;Box Foot B
1580;Box Foot A
1584;Box Plate
1570;Box Leg
1584;Box Plate
1570;Box Leg
1584;Box Plate
1570;Box Leg
1584;Box Plate
1570;Box Leg
1580;Box Foot A
1582;Box Foot B
1582;Box Foot B
1580;Box Foot A
1584;Box Plate
1570;Box Leg
1584;Box Plate
1570;Box Leg
1584;Box Plate
1570;Box Leg
1584;Box Plate
1570;Box Leg
1580;Box Foot A
1582;Box Foot B
1582;Box Foot B
1580;Box Foot A
1584;Box Plate
1570;Box Leg
1584;Box Plate
1570;Box Leg
1584;Box Plate
1570;Box Leg
1584;Box Plate
1570;Box Leg
1580;Box Foot A
1582;Box Foot B
1582;Box Foot B
1580;Box Foot A
1584;Box Plate
1570;Box Leg
1584;Box Plate
1570;Box Leg
1584;Box Plate
1570;Box Leg
1584;Box Plate
1570;Box Leg
1580;Box Foot A
1582;Box Foot B
1582;Box Foot B
1580;Box Foot A
1584;Box Plate
1570;Box Leg
1584;Box Plate
1570;Box Leg
1584;Box Plate
1570;Box Leg
1584;Box Plate
1570;Box Leg
1580;Box Foot A
1582;Box Foot B
1582;Box Foot B
1580;Box Foot A
1584;Box Plate
1570;Box Leg
1584;Box Plate
1570;Box Leg
1584;Box Plate
1570;Box Leg
1584;Box Plate
1570;Box Leg
1580;Box Foot A
1582;Box Foot B
1582;Box Foot B
1580;Box Foot A
1584;Box Plate
1570;Box Leg
1584;Box Plate
1570;Box Leg
1584;Box Plate
1570;Box Leg
1584;Box Plate
1570;Box Leg
1580;Box Foot A
1582;Box Foot B
1582;Box Foot B
1580;Box Foot A
1584;Box Plate
1570;Box Leg
1584;Box Plate
1570;Box Leg
1584;Box Plate
1570;Box Leg
1584;Box Plate
1570;Box Leg
1580;Box Foot A
1582;Box Foot B
1582;Box Foot B
1580;Box Foot A
1584;Box Plate
1570;Box Leg
1584;Box Plate
1570;Box Leg
1584;Box Plate
1570;Box Leg
1584;Box Plate
1570;Box Leg
1580;Box Foot A
1582;Box Foot B
1582;Box Foot B
1580;Box Foot A
1584;Box Plate
1570;Box Leg
1584;Box Plate
1570;Box Leg
1584;Box Plate
1570;Box Leg
1584;Box Plate
1570;Box Leg
1580;Box Foot A
1582;Box Foot B
1582;Box Foot B
1580;Box Foot A
1594;Box Bolt
1597;Box Chamber
1594;Box Bolt
1597;Box Chamber
1594;Box Bolt
1597;Box Chamber
1594;Box Bolt
1597;Box Chamber
1594;Box Bolt
1597;Box Chamber
1594;Box Bolt
1597;Box Chamber
1594;Box Bolt
1597;Box Chamber
1594;Box Bolt
1597;Box Chamber
1594;Box Bolt
1597;Box Chamber
1594;Box Bolt
1597;Box Chamber
1594;Box Bolt
1597;Box Chamber
1594;Box Bolt
1597;Box Chamber
1594;Box Bolt
1597;Box Chamber
1594;Box Bolt
1597;Box Chamber
1594;Box Bolt
1597;Box Chamber
1594;Box Bolt
1597;Box Chamber
1594;Box Bolt
1597;Box Chamber
1594;Box Bolt
1597;Box Chamber
1594;Box Bolt
1597;Box Chamber
1594;Box Bolt
1597;Box Chamber
1594;Box Bolt
1597;Box Chamber
1594;Box Bolt
1597;Box Chamber
1594;Box Bolt
1597;Box Chamber
1594;Box Bolt
1597;Box Chamber
1594;Box Bolt
1597;Box Chamber
1594;Box Bolt
1597;Box Chamber
1594;Box Bolt
1597;Box Chamber
1594;Box Bolt
1597;Box Chamber
1594;Box Bolt
1597;Box Chamber
1594;Box Bolt
1597;Box Chamber
1594;Box Bolt
1597;Box Chamber
1594;Box Bolt
1597;Box Chamber
1594;Box Bolt
1597;Box Chamber
1594;Box Bolt
1597;Box Chamber
1594;Box Bolt
1597;Box Chamber
1594;Box Bolt
1597;Box Chamber
1594;Box Bolt
1597;Box Chamber
1594;Box Bolt
1597;Box Chamber
1594;Box Bolt
1597;Box Chamber
1594;Box Bolt
1597;Box Chamber
1594;Box Bolt
1597;Box Chamber
1594;Box Bolt
1597;Box Chamber
1594;Box Bolt
1597;Box Chamber
1594;Box Bolt
1597;Box Chamber
1594;Box Bolt
1597;Box Chamber
1594;Box Bolt
1597;Box Chamber
1594;Box Bolt
1597;Box Chamber
1594;Box Bolt
1597;Box Chamber
1594;Box Bolt
1597;Box Chamber
1594;Box Bolt
1597;Box Chamber
1600;Box Turret
1584;Box Plate
1570;Box Leg
1584;Box Plate
1570;Box Leg
1584;Box Plate
1570;Box Leg
1584;Box Plate
1570;Box Leg
1580;Box Foot A
1582;Box Foot B
1582;Box Foot B
1580;Box Foot A
1600;Box Turret
1584;Box Plate
1570;Box Leg
1584;Box Plate
1570;Box Leg
1584;Box Plate
1570;Box Leg
1584;Box Plate
1570;Box Leg
1580;Box Foot A
1582;Box Foot B
1582;Box Foot B
1580;Box Foot A
1600;Box Turret
1584;Box Plate
1570;Box Leg
1584;Box Plate
1570;Box Leg
1584;Box Plate
1570;Box Leg
1584;Box Plate
1570;Box Leg
1580;Box Foot A
1582;Box Foot B
1582;Box Foot B
1580;Box Foot A
1600;Box Turret
1584;Box Plate
1570;Box Leg
1584;Box Plate
1570;Box Leg
1584;Box Plate
1570;Box Leg
1584;Box Plate
1570;Box Leg
1580;Box Foot A
1582;Box Foot B
1582;Box Foot B
1580;Box Foot A
1600;Box Turret
1584;Box Plate
1570;Box Leg
1584;Box Plate
1570;Box Leg
1584;Box Plate
1570;Box Leg
1584;Box Plate
1570;Box Leg
1580;Box Foot A
1582;Box Foot B
1582;Box Foot B
1580;Box Foot A
1600;Box Turret
1584;Box Plate
1570;Box Leg
1584;Box Plate
1570;Box Leg
1584;Box Plate
1570;Box Leg
1584;Box Plate
1570;Box Leg
1580;Box Foot A
1582;Box Foot B
1582;Box Foot B
1580;Box Foot A
1600;Box Turret
1584;Box Plate
1570;Box Leg
1584;Box Plate
1570;Box Leg
1584;Box Plate
1570;Box Leg
1584;Box Plate
1570;Box Leg
1580;Box Foot A
1582;Box Foot B
1582;Box Foot B
1580;Box Foot A
1600;Box Turret
1584;Box Plate
1570;Box Leg
1584;Box Plate
1570;Box Leg
1584;Box Plate
1570;Box Leg
1584;Box Plate
1570;Box Leg
1580;Box Foot A
1582;Box Foot B
1582;Box Foot B
1580;Box Foot A
1600;Box Turret
1584;Box Plate
1570;Box Leg
1584;Box Plate
1570;Box Leg
1584;Box Plate
1570;Box Leg
1584;Box Plate
1570;Box Leg
1580;Box Foot A
1582;Box Foot B
1582;Box Foot B
1580;Box Foot A
1601;SCAER
1605;LED
1609;Reward Icon BoxGun
1610;Box Bullet
1615;Bullet Trace
1621;Muzzle Flare
1636;Brass
1642;Dark Scrapmetal
1646;Reward Icon Drone
1648;Drone Blade
1648;Drone Blade
1648;Drone Blade
1648;Drone Blade
1650;Drone Hat
1648;Drone Blade
1648;Drone Blade
1648;Drone Blade
1648;Drone Blade
1650;Drone Hat
1648;Drone Blade
1648;Drone Blade
1648;Drone Blade
1648;Drone Blade
1650;Drone Hat
1648;Drone Blade
1648;Drone Blade
1648;Drone Blade
1648;Drone Blade
1650;Drone Hat
1648;Drone Blade
1648;Drone Blade
1648;Drone Blade
1648;Drone Blade
1650;Drone Hat
1648;Drone Blade
1648;Drone Blade
1648;Drone Blade
1648;Drone Blade
1650;Drone Hat
1648;Drone Blade
1648;Drone Blade
1648;Drone Blade
1648;Drone Blade
1651;Drone Array
1650;Drone Hat
1653;Drone Disk
1651;Drone Array
1650;Drone Hat
1654;Buzz Drone
1656;Drone Crash
1659;DudeFeet
1661;DudeBody
1663;DudeHead
1659;DudeFeet
1661;DudeBody
1663;DudeHead
1659;DudeFeet
1661;DudeBody
1663;DudeHead
1659;DudeFeet
1661;DudeBody
1663;DudeHead
1659;DudeFeet
1661;DudeBody
1663;DudeHead
1659;DudeFeet
1663;DudeHead
1659;DudeFeet
1663;DudeHead
1659;DudeFeet
1663;DudeHead
1659;DudeFeet
1663;DudeHead
1659;DudeFeet
1663;DudeHead
1659;DudeFeet
1663;DudeHead
1659;DudeFeet
1663;DudeHead
1659;DudeFeet
1663;DudeHead
1659;DudeFeet
1663;DudeHead
1659;DudeFeet
1663;DudeHead
1659;DudeFeet
1663;DudeHead
1659;DudeFeet
1659;DudeFeet
1659;DudeFeet
1659;DudeFeet
1659;DudeFeet
1659;DudeFeet
1659;DudeFeet
1659;DudeFeet
1659;DudeFeet
1659;DudeFeet
1659;DudeFeet
1659;DudeFeet
1659;DudeFeet
1659;DudeFeet
1659;DudeFeet
1659;DudeFeet
1659;DudeFeet
1659;DudeFeet
1659;DudeFeet
1659;DudeFeet
1659;DudeFeet
1659;DudeFeet
1659;DudeFeet
1659;DudeFeet
1659;DudeFeet
1659;DudeFeet
1659;DudeFeet
1659;DudeFeet
1659;DudeFeet
1679;Lil Guy Shot
1681;Loose Blade
1685;Reward Icon Glaive
1689;Arc
1691;Grenade Pin
1694;Reward Plate
1694;Reward Plate
1694;Reward Plate
1694;Reward Plate
1694;Reward Plate
1694;Reward Plate
1694;Reward Plate
1694;Reward Plate
1694;Reward Plate
1694;Reward Plate
1694;Reward Plate
1694;Reward Plate
145;Reward Display
1696;Reticle Inner Ring
1698;Reticle Outer Ring
1696;Reticle Inner Ring
1698;Reticle Outer Ring
1696;Reticle Inner Ring
1698;Reticle Outer Ring
1702;Key Bound Slot
1702;Key Bound Slot
1702;Key Bound Slot
1703;Rewards Case
1706;Reward Lock
1709;Reward Lock Razor
1711;Reward Key
1713;Reward Key Razor
1696;Reticle Inner Ring
1698;Reticle Outer Ring
1696;Reticle Inner Ring
1698;Reticle Outer Ring
1696;Reticle Inner Ring
1698;Reticle Outer Ring
1696;Reticle Inner Ring
1698;Reticle Outer Ring
1717;Key Bound Reticle
1719;New Reward Key Notice
1721;Slot S Notice
1723;Slot D Notice
1725;New Special Key Notice
1726;Arc1
1727;Armor Bump
1728;Armor Explode
1729;Box Deploy 4
1730;Box Gun Cock 2
1731;Brass1
1732;Brass2
1733;Brass3
1734;Drone Buzz Amb 1
1735;Toss Noise
1736;Lure Hiss 3
1737;Drone Crash Noise
1738;Drone Snap 2
1739;Fuse Burn
1740;Grenade Pin Pull
1741;Lose Blade Wobble
1742;Loud Boom
1743;Lure Start 2
1744;Mason Activate
1745;Menu Mouseover
1746;SD Warning
1747;Menu Noise
1748;Teleport A
1749;Teleport B
1750;Turret Track Amb
1751;Bleep
1752;Unlock 1
1753;Unlock 2
1754;Ricochet Noise
1755;Select Off
1756;Select On
1757;Unlock Jingle
1758;UnBind Reward Key
1759;Arc2
1760;Arc3
1761;Beep 1
1762;Beep 2
1763;Beep 3
1764;Bind Reward Key
1765;Boop
1766;Box Deploy 1
1767;Box Deploy 2
1768;Box Deploy 3
1769;Choker Pulse
1770;Dirt Hit
1771;Drone Buzz Start
1772;Drone Buzz Start 2
1773;Drone Snap
1774;Grenade Pop
1775;Gunshot
1776;Loud Pop
1777;Low Ammo Warning
1778;Lure Hiss 1
1779;Lure Hiss Start
1780;Menu Noise 2
1781;New Reward Notice
1782;Repulse Field Amb
1783;Repulsor Break
1784;Soft Beep
1785;Thump
1786;Wall Form
1787;Wall Pop
1799;innocuous Logo1
1120;Spiny Pop
1785;Thump
1064;BiterGrowl3
1822;innocuous Logo2
1825;Hardcore Mode Button
1827;Hardcore Mode Notice
1828;Reward Exporter
1;Cooper Black
1;Cooper Black
1833;Cancel Button
1;Cooper Black
1835;Confirmation Button
1836;Reset Scores Conf
1838;Saving Graphic
1839;Saving Icon
415;Award Exporter
1;Cooper Black
1849;Disclaimer
1;Cooper Black
1;Cooper Black
1;Cooper Black
1957;High Scores
1;Cooper Black
2035;Main Title Plus
1825;Hardcore Mode Button
1334;Hint Text
1249;Splat2
1263;Splat3
1131;Frost
1529;Armor Body Frozen
1531;Armor Head Frozen
1529;Armor Body Frozen
1531;Armor Head Frozen
2514;Razor Spike
2514;Razor Spike
2514;Razor Spike
2514;Razor Spike
2514;Razor Spike
2514;Razor Spike
2514;Razor Spike
2514;Razor Spike
2514;Razor Spike
2514;Razor Spike
2514;Razor Spike
2514;Razor Spike
2514;Razor Spike
2514;Razor Spike
2514;Razor Spike
2514;Razor Spike
2522;RazorGlaive
2522;RazorGlaive
2522;RazorGlaive
2522;RazorGlaive
2522;RazorGlaive
2522;RazorGlaive
2522;RazorGlaive
2522;RazorGlaive
2522;RazorGlaive
2522;RazorGlaive
2522;RazorGlaive
2522;RazorGlaive
2522;RazorGlaive
2522;RazorGlaive
2522;RazorGlaive
2522;RazorGlaive
2522;RazorGlaive
2522;RazorGlaive
2522;RazorGlaive
2522;RazorGlaive
2522;RazorGlaive
2522;RazorGlaive
2522;RazorGlaive
2522;RazorGlaive
2522;RazorGlaive
2522;RazorGlaive
2522;RazorGlaive
2522;RazorGlaive
2522;RazorGlaive
2522;RazorGlaive
2522;RazorGlaive
2522;RazorGlaive
2522;RazorGlaive
2522;RazorGlaive
2522;RazorGlaive
2522;RazorGlaive
2522;RazorGlaive
2522;RazorGlaive
2522;RazorGlaive
2522;RazorGlaive
2522;RazorGlaive
2522;RazorGlaive
2522;RazorGlaive
2522;RazorGlaive
2522;RazorGlaive
2522;RazorGlaive
2522;RazorGlaive
2522;RazorGlaive
2522;RazorGlaive
2522;RazorGlaive
2522;RazorGlaive
2522;RazorGlaive
2522;RazorGlaive
2522;RazorGlaive
2522;RazorGlaive
2522;RazorGlaive
2522;RazorGlaive
2522;RazorGlaive
2522;RazorGlaive
2522;RazorGlaive
2522;RazorGlaive
2522;RazorGlaive
2522;RazorGlaive
2522;RazorGlaive
2522;RazorGlaive
2522;RazorGlaive
2522;RazorGlaive
2522;RazorGlaive
2522;RazorGlaive
2522;RazorGlaive
2522;RazorGlaive
2522;RazorGlaive
2522;RazorGlaive
2522;RazorGlaive
2522;RazorGlaive
2522;RazorGlaive
2522;RazorGlaive
2522;RazorGlaive
2522;RazorGlaive
2522;RazorGlaive
2522;RazorGlaive
2522;RazorGlaive
2522;RazorGlaive
2522;RazorGlaive
2522;RazorGlaive
2522;RazorGlaive
2522;RazorGlaive
2522;RazorGlaive
2522;RazorGlaive
2522;RazorGlaive
2522;RazorGlaive
2641;Lil Guy Flaming Razor
1235;Splat1
1198;Gloople Flame
1221;Queen Wisp
15;RazorQueen Tail
12;RazorQueen Blade
3320;Shed Tooth
1265;Razor Tooth
3327;Ground Crack
3369;Razor Larva Pop
1271;Hazard Suit Body
1273;Hazard Suit Head
1276;Armor Body
1279;Armor Head
1271;Hazard Suit Body
1273;Hazard Suit Head
1276;Armor Body
1279;Armor Head
1271;Hazard Suit Body
1273;Hazard Suit Head
1276;Armor Body
1279;Armor Head
1271;Hazard Suit Body
1273;Hazard Suit Head
1276;Armor Body
1279;Armor Head
1271;Hazard Suit Body
1273;Hazard Suit Head
1276;Armor Body
1279;Armor Head
1271;Hazard Suit Body
1273;Hazard Suit Head
1276;Armor Body
1279;Armor Head
1271;Hazard Suit Body
1273;Hazard Suit Head
1276;Armor Body
1279;Armor Head
1271;Hazard Suit Body
1273;Hazard Suit Head
1276;Armor Body
1279;Armor Head
1271;Hazard Suit Body
1273;Hazard Suit Head
1276;Armor Body
1279;Armor Head
1271;Hazard Suit Body
1273;Hazard Suit Head
1276;Armor Body
1279;Armor Head
1271;Hazard Suit Body
1273;Hazard Suit Head
1276;Armor Body
1279;Armor Head
1271;Hazard Suit Body
1273;Hazard Suit Head
1276;Armor Body
1279;Armor Head
1271;Hazard Suit Body
1273;Hazard Suit Head
1276;Armor Body
1279;Armor Head
1271;Hazard Suit Body
1273;Hazard Suit Head
1276;Armor Body
1279;Armor Head
1271;Hazard Suit Body
1273;Hazard Suit Head
1276;Armor Body
1279;Armor Head
1271;Hazard Suit Body
1273;Hazard Suit Head
1276;Armor Body
1279;Armor Head
1271;Hazard Suit Body
1273;Hazard Suit Head
1276;Armor Body
1279;Armor Head
1271;Hazard Suit Body
1273;Hazard Suit Head
1276;Armor Body
1279;Armor Head
1271;Hazard Suit Body
1273;Hazard Suit Head
1276;Armor Body
1279;Armor Head
1271;Hazard Suit Body
1273;Hazard Suit Head
1276;Armor Body
1279;Armor Head
1271;Hazard Suit Body
1273;Hazard Suit Head
1276;Armor Body
1279;Armor Head
1271;Hazard Suit Body
1273;Hazard Suit Head
1276;Armor Body
1279;Armor Head
1271;Hazard Suit Body
1273;Hazard Suit Head
1276;Armor Body
1279;Armor Head
1271;Hazard Suit Body
1273;Hazard Suit Head
1276;Armor Body
1279;Armor Head
1271;Hazard Suit Body
1273;Hazard Suit Head
1276;Armor Body
1279;Armor Head
1271;Hazard Suit Body
1273;Hazard Suit Head
1276;Armor Body
1279;Armor Head
1271;Hazard Suit Body
1273;Hazard Suit Head
1276;Armor Body
1279;Armor Head
1271;Hazard Suit Body
1273;Hazard Suit Head
1276;Armor Body
1279;Armor Head
1271;Hazard Suit Body
1273;Hazard Suit Head
1276;Armor Body
1279;Armor Head
1271;Hazard Suit Body
1273;Hazard Suit Head
1276;Armor Body
1279;Armor Head
1271;Hazard Suit Body
1273;Hazard Suit Head
1276;Armor Body
1279;Armor Head
1271;Hazard Suit Body
1273;Hazard Suit Head
1276;Armor Body
1279;Armor Head
1271;Hazard Suit Body
1273;Hazard Suit Head
1276;Armor Body
1279;Armor Head
1271;Hazard Suit Body
1273;Hazard Suit Head
1276;Armor Body
1279;Armor Head
1271;Hazard Suit Body
1273;Hazard Suit Head
1276;Armor Body
1279;Armor Head
1271;Hazard Suit Body
1273;Hazard Suit Head
1276;Armor Body
1279;Armor Head
1271;Hazard Suit Body
1273;Hazard Suit Head
1276;Armor Body
1279;Armor Head
1271;Hazard Suit Body
1273;Hazard Suit Head
1276;Armor Body
1279;Armor Head
1271;Hazard Suit Body
1273;Hazard Suit Head
1276;Armor Body
1279;Armor Head
1271;Hazard Suit Body
1273;Hazard Suit Head
1276;Armor Body
1279;Armor Head
1271;Hazard Suit Body
1273;Hazard Suit Head
1276;Armor Body
1279;Armor Head
1271;Hazard Suit Body
1273;Hazard Suit Head
1276;Armor Body
1279;Armor Head
1271;Hazard Suit Body
1273;Hazard Suit Head
1276;Armor Body
1279;Armor Head
1271;Hazard Suit Body
1273;Hazard Suit Head
1276;Armor Body
1279;Armor Head
1271;Hazard Suit Body
1273;Hazard Suit Head
1276;Armor Body
1279;Armor Head
1271;Hazard Suit Body
1273;Hazard Suit Head
1276;Armor Body
1279;Armor Head
1271;Hazard Suit Body
1273;Hazard Suit Head
1276;Armor Body
1279;Armor Head
1271;Hazard Suit Body
1273;Hazard Suit Head
1276;Armor Body
1279;Armor Head
1271;Hazard Suit Body
1273;Hazard Suit Head
1276;Armor Body
1279;Armor Head
1271;Hazard Suit Body
1273;Hazard Suit Head
1276;Armor Body
1279;Armor Head
1271;Hazard Suit Body
1273;Hazard Suit Head
1276;Armor Body
1279;Armor Head
1271;Hazard Suit Body
1273;Hazard Suit Head
1276;Armor Body
1279;Armor Head
1271;Hazard Suit Body
1273;Hazard Suit Head
1276;Armor Body
1279;Armor Head
1271;Hazard Suit Body
1273;Hazard Suit Head
1276;Armor Body
1279;Armor Head
1271;Hazard Suit Body
1273;Hazard Suit Head
1276;Armor Body
1279;Armor Head
1271;Hazard Suit Body
1273;Hazard Suit Head
1276;Armor Body
1279;Armor Head
1271;Hazard Suit Body
1273;Hazard Suit Head
1276;Armor Body
1279;Armor Head
1271;Hazard Suit Body
1273;Hazard Suit Head
1276;Armor Body
1279;Armor Head
1271;Hazard Suit Body
1273;Hazard Suit Head
1276;Armor Body
1279;Armor Head
1271;Hazard Suit Body
1273;Hazard Suit Head
1276;Armor Body
1279;Armor Head
1271;Hazard Suit Body
1273;Hazard Suit Head
1276;Armor Body
1279;Armor Head
1271;Hazard Suit Body
1273;Hazard Suit Head
1276;Armor Body
1279;Armor Head
1271;Hazard Suit Body
1273;Hazard Suit Head
1276;Armor Body
1279;Armor Head
1271;Hazard Suit Body
1273;Hazard Suit Head
1276;Armor Body
1279;Armor Head
1271;Hazard Suit Body
1273;Hazard Suit Head
1276;Armor Body
1279;Armor Head
1271;Hazard Suit Body
1273;Hazard Suit Head
1276;Armor Body
1279;Armor Head
1271;Hazard Suit Body
1273;Hazard Suit Head
1276;Armor Body
1279;Armor Head
1271;Hazard Suit Body
1273;Hazard Suit Head
1276;Armor Body
1279;Armor Head
1271;Hazard Suit Body
1273;Hazard Suit Head
1276;Armor Body
1279;Armor Head
1271;Hazard Suit Body
1273;Hazard Suit Head
1276;Armor Body
1279;Armor Head
1271;Hazard Suit Body
1273;Hazard Suit Head
1276;Armor Body
1279;Armor Head
1271;Hazard Suit Body
1273;Hazard Suit Head
1276;Armor Body
1279;Armor Head
1271;Hazard Suit Body
1273;Hazard Suit Head
1276;Armor Body
1279;Armor Head
1271;Hazard Suit Body
1273;Hazard Suit Head
1276;Armor Body
1279;Armor Head
1271;Hazard Suit Body
1273;Hazard Suit Head
1276;Armor Body
1279;Armor Head
1271;Hazard Suit Body
1273;Hazard Suit Head
1276;Armor Body
1279;Armor Head
1271;Hazard Suit Body
1273;Hazard Suit Head
1276;Armor Body
1279;Armor Head
1271;Hazard Suit Body
1273;Hazard Suit Head
1276;Armor Body
1279;Armor Head
1271;Hazard Suit Body
1273;Hazard Suit Head
1276;Armor Body
1279;Armor Head
1271;Hazard Suit Body
1273;Hazard Suit Head
1276;Armor Body
1279;Armor Head
1271;Hazard Suit Body
1273;Hazard Suit Head
1276;Armor Body
1279;Armor Head
1271;Hazard Suit Body
1273;Hazard Suit Head
1276;Armor Body
1279;Armor Head
1271;Hazard Suit Body
1273;Hazard Suit Head
1276;Armor Body
1279;Armor Head
1271;Hazard Suit Body
1273;Hazard Suit Head
1276;Armor Body
1279;Armor Head
1271;Hazard Suit Body
1273;Hazard Suit Head
1276;Armor Body
1279;Armor Head
1271;Hazard Suit Body
1273;Hazard Suit Head
1276;Armor Body
1279;Armor Head
1271;Hazard Suit Body
1273;Hazard Suit Head
1276;Armor Body
1279;Armor Head
1271;Hazard Suit Body
1273;Hazard Suit Head
1276;Armor Body
1279;Armor Head
1271;Hazard Suit Body
1273;Hazard Suit Head
1276;Armor Body
1279;Armor Head
1271;Hazard Suit Body
1273;Hazard Suit Head
1276;Armor Body
1279;Armor Head
1271;Hazard Suit Body
1273;Hazard Suit Head
1276;Armor Body
1279;Armor Head
1271;Hazard Suit Body
1273;Hazard Suit Head
1276;Armor Body
1279;Armor Head
1271;Hazard Suit Body
1273;Hazard Suit Head
1276;Armor Body
1279;Armor Head
1271;Hazard Suit Body
1273;Hazard Suit Head
1276;Armor Body
1279;Armor Head
1271;Hazard Suit Body
1273;Hazard Suit Head
1276;Armor Body
1279;Armor Head
1271;Hazard Suit Body
1273;Hazard Suit Head
1276;Armor Body
1279;Armor Head
1271;Hazard Suit Body
1273;Hazard Suit Head
1276;Armor Body
1279;Armor Head
1271;Hazard Suit Body
1273;Hazard Suit Head
1276;Armor Body
1279;Armor Head
1271;Hazard Suit Body
1273;Hazard Suit Head
1276;Armor Body
1279;Armor Head
1271;Hazard Suit Body
1273;Hazard Suit Head
1276;Armor Body
1279;Armor Head
1271;Hazard Suit Body
1273;Hazard Suit Head
1276;Armor Body
1279;Armor Head
1271;Hazard Suit Body
1273;Hazard Suit Head
1276;Armor Body
1279;Armor Head
1271;Hazard Suit Body
1273;Hazard Suit Head
1276;Armor Body
1279;Armor Head
1271;Hazard Suit Body
1273;Hazard Suit Head
1276;Armor Body
1279;Armor Head
1271;Hazard Suit Body
1273;Hazard Suit Head
1276;Armor Body
1279;Armor Head
1271;Hazard Suit Body
1273;Hazard Suit Head
1276;Armor Body
1279;Armor Head
1271;Hazard Suit Body
1273;Hazard Suit Head
1276;Armor Body
1279;Armor Head
1271;Hazard Suit Body
1273;Hazard Suit Head
1276;Armor Body
1279;Armor Head
1271;Hazard Suit Body
1273;Hazard Suit Head
1276;Armor Body
1279;Armor Head
1271;Hazard Suit Body
1273;Hazard Suit Head
1276;Armor Body
1279;Armor Head
1271;Hazard Suit Body
1273;Hazard Suit Head
1276;Armor Body
1279;Armor Head
1271;Hazard Suit Body
1273;Hazard Suit Head
1276;Armor Body
1279;Armor Head
1271;Hazard Suit Body
1273;Hazard Suit Head
1276;Armor Body
1279;Armor Head
1271;Hazard Suit Body
1273;Hazard Suit Head
1276;Armor Body
1279;Armor Head
1271;Hazard Suit Body
1273;Hazard Suit Head
1276;Armor Body
1279;Armor Head
1271;Hazard Suit Body
1273;Hazard Suit Head
1276;Armor Body
1279;Armor Head
1271;Hazard Suit Body
1273;Hazard Suit Head
1276;Armor Body
1279;Armor Head
1271;Hazard Suit Body
1273;Hazard Suit Head
1276;Armor Body
1279;Armor Head
1271;Hazard Suit Body
1273;Hazard Suit Head
1276;Armor Body
1279;Armor Head
1271;Hazard Suit Body
1273;Hazard Suit Head
1276;Armor Body
1279;Armor Head
1271;Hazard Suit Body
1273;Hazard Suit Head
1276;Armor Body
1279;Armor Head
1271;Hazard Suit Body
1273;Hazard Suit Head
1276;Armor Body
1279;Armor Head
1271;Hazard Suit Body
1273;Hazard Suit Head
1276;Armor Body
1279;Armor Head
1271;Hazard Suit Body
1273;Hazard Suit Head
1276;Armor Body
1279;Armor Head
1271;Hazard Suit Body
1273;Hazard Suit Head
1276;Armor Body
1279;Armor Head
1271;Hazard Suit Body
1273;Hazard Suit Head
1276;Armor Body
1279;Armor Head
1271;Hazard Suit Body
1273;Hazard Suit Head
1276;Armor Body
1279;Armor Head
1271;Hazard Suit Body
1273;Hazard Suit Head
1276;Armor Body
1279;Armor Head
1271;Hazard Suit Body
1273;Hazard Suit Head
1276;Armor Body
1279;Armor Head
1271;Hazard Suit Body
1273;Hazard Suit Head
1276;Armor Body
1279;Armor Head
1271;Hazard Suit Body
1273;Hazard Suit Head
1276;Armor Body
1279;Armor Head
1271;Hazard Suit Body
1273;Hazard Suit Head
1276;Armor Body
1279;Armor Head
1271;Hazard Suit Body
1273;Hazard Suit Head
1276;Armor Body
1279;Armor Head
1271;Hazard Suit Body
1273;Hazard Suit Head
1276;Armor Body
1279;Armor Head
1271;Hazard Suit Body
1273;Hazard Suit Head
1276;Armor Body
1279;Armor Head
1271;Hazard Suit Body
1273;Hazard Suit Head
1276;Armor Body
1279;Armor Head
1271;Hazard Suit Body
1273;Hazard Suit Head
1276;Armor Body
1279;Armor Head
1271;Hazard Suit Body
1273;Hazard Suit Head
1276;Armor Body
1279;Armor Head
1271;Hazard Suit Body
1273;Hazard Suit Head
1276;Armor Body
1279;Armor Head
1271;Hazard Suit Body
1273;Hazard Suit Head
1276;Armor Body
1279;Armor Head
1271;Hazard Suit Body
1273;Hazard Suit Head
1276;Armor Body
1279;Armor Head
1271;Hazard Suit Body
1273;Hazard Suit Head
1276;Armor Body
1279;Armor Head
1271;Hazard Suit Body
1273;Hazard Suit Head
1276;Armor Body
1279;Armor Head
1271;Hazard Suit Body
1273;Hazard Suit Head
1276;Armor Body
1279;Armor Head
1271;Hazard Suit Body
1273;Hazard Suit Head
1276;Armor Body
1279;Armor Head
1271;Hazard Suit Body
1273;Hazard Suit Head
1276;Armor Body
1279;Armor Head
1271;Hazard Suit Body
1273;Hazard Suit Head
1276;Armor Body
1279;Armor Head
1271;Hazard Suit Body
1273;Hazard Suit Head
1276;Armor Body
1279;Armor Head
1271;Hazard Suit Body
1273;Hazard Suit Head
1276;Armor Body
1279;Armor Head
1271;Hazard Suit Body
1273;Hazard Suit Head
1276;Armor Body
1279;Armor Head
1271;Hazard Suit Body
1273;Hazard Suit Head
1276;Armor Body
1279;Armor Head
1271;Hazard Suit Body
1273;Hazard Suit Head
1276;Armor Body
1279;Armor Head
1271;Hazard Suit Body
1273;Hazard Suit Head
1276;Armor Body
1279;Armor Head
1271;Hazard Suit Body
1273;Hazard Suit Head
1276;Armor Body
1279;Armor Head
1271;Hazard Suit Body
1273;Hazard Suit Head
1276;Armor Body
1279;Armor Head
1271;Hazard Suit Body
1273;Hazard Suit Head
1276;Armor Body
1279;Armor Head
1271;Hazard Suit Body
1273;Hazard Suit Head
1276;Armor Body
1279;Armor Head
1271;Hazard Suit Body
1273;Hazard Suit Head
1276;Armor Body
1279;Armor Head
1271;Hazard Suit Body
1273;Hazard Suit Head
1276;Armor Body
1279;Armor Head
1271;Hazard Suit Body
1273;Hazard Suit Head
1276;Armor Body
1279;Armor Head
1271;Hazard Suit Body
1273;Hazard Suit Head
1276;Armor Body
1279;Armor Head
1271;Hazard Suit Body
1273;Hazard Suit Head
1276;Armor Body
1279;Armor Head
1271;Hazard Suit Body
1273;Hazard Suit Head
1276;Armor Body
1279;Armor Head
1271;Hazard Suit Body
1273;Hazard Suit Head
1276;Armor Body
1279;Armor Head
1271;Hazard Suit Body
1273;Hazard Suit Head
1276;Armor Body
1279;Armor Head
1271;Hazard Suit Body
1273;Hazard Suit Head
1276;Armor Body
1279;Armor Head
1271;Hazard Suit Body
1273;Hazard Suit Head
1276;Armor Body
1279;Armor Head
1271;Hazard Suit Body
1273;Hazard Suit Head
1276;Armor Body
1279;Armor Head
1271;Hazard Suit Body
1273;Hazard Suit Head
1276;Armor Body
1279;Armor Head
1271;Hazard Suit Body
1273;Hazard Suit Head
1276;Armor Body
1279;Armor Head
1271;Hazard Suit Body
1273;Hazard Suit Head
1276;Armor Body
1279;Armor Head
1271;Hazard Suit Body
1273;Hazard Suit Head
1276;Armor Body
1279;Armor Head
1271;Hazard Suit Body
1273;Hazard Suit Head
1276;Armor Body
1279;Armor Head
1271;Hazard Suit Body
1273;Hazard Suit Head
1276;Armor Body
1279;Armor Head
1271;Hazard Suit Body
1273;Hazard Suit Head
1276;Armor Body
1279;Armor Head
1271;Hazard Suit Body
1273;Hazard Suit Head
1276;Armor Body
1279;Armor Head
1271;Hazard Suit Body
1273;Hazard Suit Head
1276;Armor Body
1279;Armor Head
1271;Hazard Suit Body
1273;Hazard Suit Head
1276;Armor Body
1279;Armor Head
1271;Hazard Suit Body
1273;Hazard Suit Head
1276;Armor Body
1279;Armor Head
1271;Hazard Suit Body
1273;Hazard Suit Head
1276;Armor Body
1279;Armor Head
1271;Hazard Suit Body
1273;Hazard Suit Head
1276;Armor Body
1279;Armor Head
1271;Hazard Suit Body
1273;Hazard Suit Head
1276;Armor Body
1279;Armor Head
1271;Hazard Suit Body
1273;Hazard Suit Head
1276;Armor Body
1279;Armor Head
1271;Hazard Suit Body
1273;Hazard Suit Head
1276;Armor Body
1279;Armor Head
1271;Hazard Suit Body
1273;Hazard Suit Head
1276;Armor Body
1279;Armor Head
1271;Hazard Suit Body
1273;Hazard Suit Head
1276;Armor Body
1279;Armor Head
1271;Hazard Suit Body
1273;Hazard Suit Head
1276;Armor Body
1279;Armor Head
1271;Hazard Suit Body
1273;Hazard Suit Head
1276;Armor Body
1279;Armor Head
1271;Hazard Suit Body
1273;Hazard Suit Head
1276;Armor Body
1279;Armor Head
1271;Hazard Suit Body
1273;Hazard Suit Head
1276;Armor Body
1279;Armor Head
2522;RazorGlaive
1271;Hazard Suit Body
1273;Hazard Suit Head
1276;Armor Body
1279;Armor Head
2522;RazorGlaive
1271;Hazard Suit Body
1273;Hazard Suit Head
1276;Armor Body
1279;Armor Head
2522;RazorGlaive
1271;Hazard Suit Body
1273;Hazard Suit Head
1276;Armor Body
1279;Armor Head
2522;RazorGlaive
1271;Hazard Suit Body
1273;Hazard Suit Head
1276;Armor Body
1279;Armor Head
2522;RazorGlaive
1271;Hazard Suit Body
1273;Hazard Suit Head
1276;Armor Body
1279;Armor Head
2522;RazorGlaive
1271;Hazard Suit Body
1273;Hazard Suit Head
1276;Armor Body
1279;Armor Head
2522;RazorGlaive
1271;Hazard Suit Body
1273;Hazard Suit Head
1276;Armor Body
1279;Armor Head
2522;RazorGlaive
1271;Hazard Suit Body
1273;Hazard Suit Head
1276;Armor Body
1279;Armor Head
2522;RazorGlaive
1271;Hazard Suit Body
1273;Hazard Suit Head
1276;Armor Body
1279;Armor Head
2522;RazorGlaive
1271;Hazard Suit Body
1273;Hazard Suit Head
1276;Armor Body
1279;Armor Head
2522;RazorGlaive
1271;Hazard Suit Body
1273;Hazard Suit Head
1276;Armor Body
1279;Armor Head
2522;RazorGlaive
1271;Hazard Suit Body
1273;Hazard Suit Head
1276;Armor Body
1279;Armor Head
2522;RazorGlaive
1271;Hazard Suit Body
1273;Hazard Suit Head
1276;Armor Body
1279;Armor Head
2522;RazorGlaive
1271;Hazard Suit Body
1273;Hazard Suit Head
1276;Armor Body
1279;Armor Head
2522;RazorGlaive
1271;Hazard Suit Body
1273;Hazard Suit Head
1276;Armor Body
1279;Armor Head
2522;RazorGlaive
1271;Hazard Suit Body
1273;Hazard Suit Head
1276;Armor Body
1279;Armor Head
2522;RazorGlaive
1271;Hazard Suit Body
1273;Hazard Suit Head
1276;Armor Body
1279;Armor Head
2522;RazorGlaive
1271;Hazard Suit Body
1273;Hazard Suit Head
1276;Armor Body
1279;Armor Head
2522;RazorGlaive
1271;Hazard Suit Body
1273;Hazard Suit Head
1276;Armor Body
1279;Armor Head
2522;RazorGlaive
1271;Hazard Suit Body
1273;Hazard Suit Head
1276;Armor Body
1279;Armor Head
2522;RazorGlaive
1271;Hazard Suit Body
1273;Hazard Suit Head
1276;Armor Body
1279;Armor Head
3399;Lil Guy Walkin Razor
2522;RazorGlaive
1271;Hazard Suit Body
1273;Hazard Suit Head
1276;Armor Body
1279;Armor Head
2522;RazorGlaive
1271;Hazard Suit Body
1273;Hazard Suit Head
1276;Armor Body
1279;Armor Head
2522;RazorGlaive
1271;Hazard Suit Body
1273;Hazard Suit Head
1276;Armor Body
1279;Armor Head
2522;RazorGlaive
1271;Hazard Suit Body
1273;Hazard Suit Head
1276;Armor Body
1279;Armor Head
2522;RazorGlaive
1271;Hazard Suit Body
1273;Hazard Suit Head
1276;Armor Body
1279;Armor Head
2522;RazorGlaive
1271;Hazard Suit Body
1273;Hazard Suit Head
1276;Armor Body
1279;Armor Head
2522;RazorGlaive
1271;Hazard Suit Body
1273;Hazard Suit Head
1276;Armor Body
1279;Armor Head
2522;RazorGlaive
1271;Hazard Suit Body
1273;Hazard Suit Head
1276;Armor Body
1279;Armor Head
2522;RazorGlaive
1271;Hazard Suit Body
1273;Hazard Suit Head
1276;Armor Body
1279;Armor Head
2522;RazorGlaive
1271;Hazard Suit Body
1273;Hazard Suit Head
1276;Armor Body
1279;Armor Head
2522;RazorGlaive
1271;Hazard Suit Body
1273;Hazard Suit Head
1276;Armor Body
1279;Armor Head
2522;RazorGlaive
1271;Hazard Suit Body
1273;Hazard Suit Head
1276;Armor Body
1279;Armor Head
2522;RazorGlaive
1271;Hazard Suit Body
1273;Hazard Suit Head
1276;Armor Body
1279;Armor Head
2522;RazorGlaive
1271;Hazard Suit Body
1273;Hazard Suit Head
1276;Armor Body
1279;Armor Head
2522;RazorGlaive
1271;Hazard Suit Body
1273;Hazard Suit Head
1276;Armor Body
1279;Armor Head
2522;RazorGlaive
1271;Hazard Suit Body
1273;Hazard Suit Head
1276;Armor Body
1279;Armor Head
2522;RazorGlaive
1271;Hazard Suit Body
1273;Hazard Suit Head
1276;Armor Body
1279;Armor Head
2522;RazorGlaive
1271;Hazard Suit Body
1273;Hazard Suit Head
1276;Armor Body
1279;Armor Head
2522;RazorGlaive
1271;Hazard Suit Body
1273;Hazard Suit Head
1276;Armor Body
1279;Armor Head
2522;RazorGlaive
1271;Hazard Suit Body
1273;Hazard Suit Head
1276;Armor Body
1279;Armor Head
3410;Lil Guy Slash Razor
2522;RazorGlaive
1271;Hazard Suit Body
1273;Hazard Suit Head
1276;Armor Body
1279;Armor Head
2522;RazorGlaive
1271;Hazard Suit Body
1273;Hazard Suit Head
1276;Armor Body
1279;Armor Head
2522;RazorGlaive
1271;Hazard Suit Body
1273;Hazard Suit Head
1276;Armor Body
1279;Armor Head
2522;RazorGlaive
1271;Hazard Suit Body
1273;Hazard Suit Head
1276;Armor Body
1279;Armor Head
2522;RazorGlaive
1271;Hazard Suit Body
1273;Hazard Suit Head
1276;Armor Body
1279;Armor Head
2522;RazorGlaive
1271;Hazard Suit Body
1273;Hazard Suit Head
1276;Armor Body
1279;Armor Head
2522;RazorGlaive
1271;Hazard Suit Body
1273;Hazard Suit Head
1276;Armor Body
1279;Armor Head
2522;RazorGlaive
1271;Hazard Suit Body
1273;Hazard Suit Head
1276;Armor Body
1279;Armor Head
2522;RazorGlaive
1271;Hazard Suit Body
1273;Hazard Suit Head
1276;Armor Body
1279;Armor Head
2522;RazorGlaive
1271;Hazard Suit Body
1273;Hazard Suit Head
1276;Armor Body
1279;Armor Head
2522;RazorGlaive
1271;Hazard Suit Body
1273;Hazard Suit Head
1276;Armor Body
1279;Armor Head
2522;RazorGlaive
1271;Hazard Suit Body
1273;Hazard Suit Head
1276;Armor Body
1279;Armor Head
2522;RazorGlaive
1271;Hazard Suit Body
1273;Hazard Suit Head
1276;Armor Body
1279;Armor Head
2522;RazorGlaive
1271;Hazard Suit Body
1273;Hazard Suit Head
1276;Armor Body
1279;Armor Head
2522;RazorGlaive
1271;Hazard Suit Body
1273;Hazard Suit Head
1276;Armor Body
1279;Armor Head
2522;RazorGlaive
1271;Hazard Suit Body
1273;Hazard Suit Head
1276;Armor Body
1279;Armor Head
2522;RazorGlaive
1271;Hazard Suit Body
1273;Hazard Suit Head
1276;Armor Body
1279;Armor Head
2522;RazorGlaive
1271;Hazard Suit Body
1273;Hazard Suit Head
1276;Armor Body
1279;Armor Head
2522;RazorGlaive
1271;Hazard Suit Body
1273;Hazard Suit Head
1276;Armor Body
1279;Armor Head
2522;RazorGlaive
1271;Hazard Suit Body
1273;Hazard Suit Head
1276;Armor Body
1279;Armor Head
2522;RazorGlaive
1271;Hazard Suit Body
1273;Hazard Suit Head
1276;Armor Body
1279;Armor Head
2522;RazorGlaive
1271;Hazard Suit Body
1273;Hazard Suit Head
1276;Armor Body
1279;Armor Head
2522;RazorGlaive
1271;Hazard Suit Body
1273;Hazard Suit Head
1276;Armor Body
1279;Armor Head
2522;RazorGlaive
1271;Hazard Suit Body
1273;Hazard Suit Head
1276;Armor Body
1279;Armor Head
2522;RazorGlaive
1271;Hazard Suit Body
1273;Hazard Suit Head
1276;Armor Body
1279;Armor Head
2522;RazorGlaive
1271;Hazard Suit Body
1273;Hazard Suit Head
1276;Armor Body
1279;Armor Head
2522;RazorGlaive
1271;Hazard Suit Body
1273;Hazard Suit Head
1276;Armor Body
1279;Armor Head
2522;RazorGlaive
1271;Hazard Suit Body
1273;Hazard Suit Head
1276;Armor Body
1279;Armor Head
2522;RazorGlaive
1271;Hazard Suit Body
1273;Hazard Suit Head
1276;Armor Body
1279;Armor Head
2522;RazorGlaive
1271;Hazard Suit Body
1273;Hazard Suit Head
1276;Armor Body
1279;Armor Head
2522;RazorGlaive
1271;Hazard Suit Body
1273;Hazard Suit Head
1276;Armor Body
1279;Armor Head
2522;RazorGlaive
1271;Hazard Suit Body
1273;Hazard Suit Head
1276;Armor Body
1279;Armor Head
2522;RazorGlaive
1271;Hazard Suit Body
1273;Hazard Suit Head
1276;Armor Body
1279;Armor Head
2522;RazorGlaive
1271;Hazard Suit Body
1273;Hazard Suit Head
1276;Armor Body
1279;Armor Head
2522;RazorGlaive
1271;Hazard Suit Body
1273;Hazard Suit Head
1276;Armor Body
1279;Armor Head
2522;RazorGlaive
1271;Hazard Suit Body
1273;Hazard Suit Head
1276;Armor Body
1279;Armor Head
2522;RazorGlaive
1271;Hazard Suit Body
1273;Hazard Suit Head
1276;Armor Body
1279;Armor Head
2522;RazorGlaive
1271;Hazard Suit Body
1273;Hazard Suit Head
1276;Armor Body
1279;Armor Head
2522;RazorGlaive
1271;Hazard Suit Body
1273;Hazard Suit Head
1276;Armor Body
1279;Armor Head
2522;RazorGlaive
1271;Hazard Suit Body
1273;Hazard Suit Head
1276;Armor Body
1279;Armor Head
3412;Lil Guy Stagger Down Razor
2522;RazorGlaive
1271;Hazard Suit Body
1273;Hazard Suit Head
1276;Armor Body
1279;Armor Head
2522;RazorGlaive
1271;Hazard Suit Body
1273;Hazard Suit Head
1276;Armor Body
1279;Armor Head
2522;RazorGlaive
1271;Hazard Suit Body
1273;Hazard Suit Head
1276;Armor Body
1279;Armor Head
2522;RazorGlaive
1271;Hazard Suit Body
1273;Hazard Suit Head
1276;Armor Body
1279;Armor Head
2522;RazorGlaive
1271;Hazard Suit Body
1273;Hazard Suit Head
1276;Armor Body
1279;Armor Head
2522;RazorGlaive
1271;Hazard Suit Body
1273;Hazard Suit Head
1276;Armor Body
1279;Armor Head
2522;RazorGlaive
1271;Hazard Suit Body
1273;Hazard Suit Head
1276;Armor Body
1279;Armor Head
2522;RazorGlaive
1271;Hazard Suit Body
1273;Hazard Suit Head
1276;Armor Body
1279;Armor Head
2522;RazorGlaive
1271;Hazard Suit Body
1273;Hazard Suit Head
1276;Armor Body
1279;Armor Head
2522;RazorGlaive
1271;Hazard Suit Body
1273;Hazard Suit Head
1276;Armor Body
1279;Armor Head
2522;RazorGlaive
1271;Hazard Suit Body
1273;Hazard Suit Head
1276;Armor Body
1279;Armor Head
2522;RazorGlaive
1271;Hazard Suit Body
1273;Hazard Suit Head
1276;Armor Body
1279;Armor Head
2522;RazorGlaive
1271;Hazard Suit Body
1273;Hazard Suit Head
1276;Armor Body
1279;Armor Head
2522;RazorGlaive
1271;Hazard Suit Body
1273;Hazard Suit Head
1276;Armor Body
1279;Armor Head
2522;RazorGlaive
1271;Hazard Suit Body
1273;Hazard Suit Head
1276;Armor Body
1279;Armor Head
2522;RazorGlaive
1271;Hazard Suit Body
1273;Hazard Suit Head
1276;Armor Body
1279;Armor Head
2522;RazorGlaive
1271;Hazard Suit Body
1273;Hazard Suit Head
1276;Armor Body
1279;Armor Head
2522;RazorGlaive
1271;Hazard Suit Body
1273;Hazard Suit Head
1276;Armor Body
1279;Armor Head
2522;RazorGlaive
1271;Hazard Suit Body
1273;Hazard Suit Head
1276;Armor Body
1279;Armor Head
2522;RazorGlaive
1271;Hazard Suit Body
1273;Hazard Suit Head
1276;Armor Body
1279;Armor Head
2522;RazorGlaive
1271;Hazard Suit Body
1273;Hazard Suit Head
1276;Armor Body
1279;Armor Head
2522;RazorGlaive
1271;Hazard Suit Body
1273;Hazard Suit Head
1276;Armor Body
1279;Armor Head
2522;RazorGlaive
1271;Hazard Suit Body
1273;Hazard Suit Head
1276;Armor Body
1279;Armor Head
2522;RazorGlaive
1271;Hazard Suit Body
1273;Hazard Suit Head
1276;Armor Body
1279;Armor Head
2522;RazorGlaive
1271;Hazard Suit Body
1273;Hazard Suit Head
1276;Armor Body
1279;Armor Head
2522;RazorGlaive
1271;Hazard Suit Body
1273;Hazard Suit Head
1276;Armor Body
1279;Armor Head
2522;RazorGlaive
1271;Hazard Suit Body
1273;Hazard Suit Head
1276;Armor Body
1279;Armor Head
2522;RazorGlaive
1271;Hazard Suit Body
1273;Hazard Suit Head
1276;Armor Body
1279;Armor Head
2522;RazorGlaive
1271;Hazard Suit Body
1273;Hazard Suit Head
1276;Armor Body
1279;Armor Head
2522;RazorGlaive
1271;Hazard Suit Body
1273;Hazard Suit Head
1276;Armor Body
1279;Armor Head
2522;RazorGlaive
1271;Hazard Suit Body
1273;Hazard Suit Head
1276;Armor Body
1279;Armor Head
2522;RazorGlaive
1271;Hazard Suit Body
1273;Hazard Suit Head
1276;Armor Body
1279;Armor Head
2522;RazorGlaive
1271;Hazard Suit Body
1273;Hazard Suit Head
1276;Armor Body
1279;Armor Head
2522;RazorGlaive
1271;Hazard Suit Body
1273;Hazard Suit Head
1276;Armor Body
1279;Armor Head
2522;RazorGlaive
1271;Hazard Suit Body
1273;Hazard Suit Head
1276;Armor Body
1279;Armor Head
2522;RazorGlaive
1271;Hazard Suit Body
1273;Hazard Suit Head
1276;Armor Body
1279;Armor Head
2522;RazorGlaive
1271;Hazard Suit Body
1273;Hazard Suit Head
1276;Armor Body
1279;Armor Head
2522;RazorGlaive
1271;Hazard Suit Body
1273;Hazard Suit Head
1276;Armor Body
1279;Armor Head
2522;RazorGlaive
1271;Hazard Suit Body
1273;Hazard Suit Head
1276;Armor Body
1279;Armor Head
2522;RazorGlaive
1271;Hazard Suit Body
1273;Hazard Suit Head
1276;Armor Body
1279;Armor Head
3415;Lil Guy Stagger Left Razor
2522;RazorGlaive
1271;Hazard Suit Body
1273;Hazard Suit Head
1276;Armor Body
1279;Armor Head
2522;RazorGlaive
1271;Hazard Suit Body
1273;Hazard Suit Head
1276;Armor Body
1279;Armor Head
2522;RazorGlaive
1271;Hazard Suit Body
1273;Hazard Suit Head
1276;Armor Body
1279;Armor Head
2522;RazorGlaive
1271;Hazard Suit Body
1273;Hazard Suit Head
1276;Armor Body
1279;Armor Head
2522;RazorGlaive
1271;Hazard Suit Body
1273;Hazard Suit Head
1276;Armor Body
1279;Armor Head
2522;RazorGlaive
1271;Hazard Suit Body
1273;Hazard Suit Head
1276;Armor Body
1279;Armor Head
2522;RazorGlaive
1271;Hazard Suit Body
1273;Hazard Suit Head
1276;Armor Body
1279;Armor Head
2522;RazorGlaive
1271;Hazard Suit Body
1273;Hazard Suit Head
1276;Armor Body
1279;Armor Head
2522;RazorGlaive
1271;Hazard Suit Body
1273;Hazard Suit Head
1276;Armor Body
1279;Armor Head
2522;RazorGlaive
1271;Hazard Suit Body
1273;Hazard Suit Head
1276;Armor Body
1279;Armor Head
2522;RazorGlaive
1271;Hazard Suit Body
1273;Hazard Suit Head
1276;Armor Body
1279;Armor Head
2522;RazorGlaive
1271;Hazard Suit Body
1273;Hazard Suit Head
1276;Armor Body
1279;Armor Head
2522;RazorGlaive
1271;Hazard Suit Body
1273;Hazard Suit Head
1276;Armor Body
1279;Armor Head
2522;RazorGlaive
1271;Hazard Suit Body
1273;Hazard Suit Head
1276;Armor Body
1279;Armor Head
2522;RazorGlaive
1271;Hazard Suit Body
1273;Hazard Suit Head
1276;Armor Body
1279;Armor Head
2522;RazorGlaive
1271;Hazard Suit Body
1273;Hazard Suit Head
1276;Armor Body
1279;Armor Head
2522;RazorGlaive
1271;Hazard Suit Body
1273;Hazard Suit Head
1276;Armor Body
1279;Armor Head
2522;RazorGlaive
1271;Hazard Suit Body
1273;Hazard Suit Head
1276;Armor Body
1279;Armor Head
2522;RazorGlaive
1271;Hazard Suit Body
1273;Hazard Suit Head
1276;Armor Body
1279;Armor Head
2522;RazorGlaive
1271;Hazard Suit Body
1273;Hazard Suit Head
1276;Armor Body
1279;Armor Head
2522;RazorGlaive
1271;Hazard Suit Body
1273;Hazard Suit Head
1276;Armor Body
1279;Armor Head
2522;RazorGlaive
1271;Hazard Suit Body
1273;Hazard Suit Head
1276;Armor Body
1279;Armor Head
2522;RazorGlaive
1271;Hazard Suit Body
1273;Hazard Suit Head
1276;Armor Body
1279;Armor Head
2522;RazorGlaive
1271;Hazard Suit Body
1273;Hazard Suit Head
1276;Armor Body
1279;Armor Head
2522;RazorGlaive
1271;Hazard Suit Body
1273;Hazard Suit Head
1276;Armor Body
1279;Armor Head
2522;RazorGlaive
1271;Hazard Suit Body
1273;Hazard Suit Head
1276;Armor Body
1279;Armor Head
2522;RazorGlaive
1271;Hazard Suit Body
1273;Hazard Suit Head
1276;Armor Body
1279;Armor Head
2522;RazorGlaive
1271;Hazard Suit Body
1273;Hazard Suit Head
1276;Armor Body
1279;Armor Head
2522;RazorGlaive
1271;Hazard Suit Body
1273;Hazard Suit Head
1276;Armor Body
1279;Armor Head
2522;RazorGlaive
1271;Hazard Suit Body
1273;Hazard Suit Head
1276;Armor Body
1279;Armor Head
2522;RazorGlaive
1271;Hazard Suit Body
1273;Hazard Suit Head
1276;Armor Body
1279;Armor Head
2522;RazorGlaive
1271;Hazard Suit Body
1273;Hazard Suit Head
1276;Armor Body
1279;Armor Head
2522;RazorGlaive
1271;Hazard Suit Body
1273;Hazard Suit Head
1276;Armor Body
1279;Armor Head
2522;RazorGlaive
1271;Hazard Suit Body
1273;Hazard Suit Head
1276;Armor Body
1279;Armor Head
2522;RazorGlaive
1271;Hazard Suit Body
1273;Hazard Suit Head
1276;Armor Body
1279;Armor Head
2522;RazorGlaive
1271;Hazard Suit Body
1273;Hazard Suit Head
1276;Armor Body
1279;Armor Head
2522;RazorGlaive
1271;Hazard Suit Body
1273;Hazard Suit Head
1276;Armor Body
1279;Armor Head
2522;RazorGlaive
1271;Hazard Suit Body
1273;Hazard Suit Head
1276;Armor Body
1279;Armor Head
2522;RazorGlaive
1271;Hazard Suit Body
1273;Hazard Suit Head
1276;Armor Body
1279;Armor Head
2522;RazorGlaive
1271;Hazard Suit Body
1273;Hazard Suit Head
1276;Armor Body
1279;Armor Head
3418;Lil Guy Stagger Right Razor
2522;RazorGlaive
1271;Hazard Suit Body
1273;Hazard Suit Head
1276;Armor Body
1279;Armor Head
2522;RazorGlaive
1271;Hazard Suit Body
1273;Hazard Suit Head
1276;Armor Body
1279;Armor Head
2522;RazorGlaive
1271;Hazard Suit Body
1273;Hazard Suit Head
1276;Armor Body
1279;Armor Head
2522;RazorGlaive
1271;Hazard Suit Body
1273;Hazard Suit Head
1276;Armor Body
1279;Armor Head
2522;RazorGlaive
1271;Hazard Suit Body
1273;Hazard Suit Head
1276;Armor Body
1279;Armor Head
2522;RazorGlaive
1271;Hazard Suit Body
1273;Hazard Suit Head
1276;Armor Body
1279;Armor Head
2522;RazorGlaive
1271;Hazard Suit Body
1273;Hazard Suit Head
1276;Armor Body
1279;Armor Head
2522;RazorGlaive
1271;Hazard Suit Body
1273;Hazard Suit Head
1276;Armor Body
1279;Armor Head
2522;RazorGlaive
1271;Hazard Suit Body
1273;Hazard Suit Head
1276;Armor Body
1279;Armor Head
2522;RazorGlaive
1271;Hazard Suit Body
1273;Hazard Suit Head
1276;Armor Body
1279;Armor Head
2522;RazorGlaive
1271;Hazard Suit Body
1273;Hazard Suit Head
1276;Armor Body
1279;Armor Head
2522;RazorGlaive
1271;Hazard Suit Body
1273;Hazard Suit Head
1276;Armor Body
1279;Armor Head
2522;RazorGlaive
1271;Hazard Suit Body
1273;Hazard Suit Head
1276;Armor Body
1279;Armor Head
2522;RazorGlaive
1271;Hazard Suit Body
1273;Hazard Suit Head
1276;Armor Body
1279;Armor Head
2522;RazorGlaive
1271;Hazard Suit Body
1273;Hazard Suit Head
1276;Armor Body
1279;Armor Head
2522;RazorGlaive
1271;Hazard Suit Body
1273;Hazard Suit Head
1276;Armor Body
1279;Armor Head
2522;RazorGlaive
1271;Hazard Suit Body
1273;Hazard Suit Head
1276;Armor Body
1279;Armor Head
2522;RazorGlaive
1271;Hazard Suit Body
1273;Hazard Suit Head
1276;Armor Body
1279;Armor Head
2522;RazorGlaive
1271;Hazard Suit Body
1273;Hazard Suit Head
1276;Armor Body
1279;Armor Head
2522;RazorGlaive
1271;Hazard Suit Body
1273;Hazard Suit Head
1276;Armor Body
1279;Armor Head
2522;RazorGlaive
1271;Hazard Suit Body
1273;Hazard Suit Head
1276;Armor Body
1279;Armor Head
2522;RazorGlaive
1271;Hazard Suit Body
1273;Hazard Suit Head
1276;Armor Body
1279;Armor Head
2522;RazorGlaive
1271;Hazard Suit Body
1273;Hazard Suit Head
1276;Armor Body
1279;Armor Head
2522;RazorGlaive
1271;Hazard Suit Body
1273;Hazard Suit Head
1276;Armor Body
1279;Armor Head
2522;RazorGlaive
1271;Hazard Suit Body
1273;Hazard Suit Head
1276;Armor Body
1279;Armor Head
2522;RazorGlaive
1271;Hazard Suit Body
1273;Hazard Suit Head
1276;Armor Body
1279;Armor Head
2522;RazorGlaive
1271;Hazard Suit Body
1273;Hazard Suit Head
1276;Armor Body
1279;Armor Head
2522;RazorGlaive
1271;Hazard Suit Body
1273;Hazard Suit Head
1276;Armor Body
1279;Armor Head
2522;RazorGlaive
1271;Hazard Suit Body
1273;Hazard Suit Head
1276;Armor Body
1279;Armor Head
2522;RazorGlaive
1271;Hazard Suit Body
1273;Hazard Suit Head
1276;Armor Body
1279;Armor Head
2522;RazorGlaive
1271;Hazard Suit Body
1273;Hazard Suit Head
1276;Armor Body
1279;Armor Head
2522;RazorGlaive
1271;Hazard Suit Body
1273;Hazard Suit Head
1276;Armor Body
1279;Armor Head
2522;RazorGlaive
1271;Hazard Suit Body
1273;Hazard Suit Head
1276;Armor Body
1279;Armor Head
2522;RazorGlaive
1271;Hazard Suit Body
1273;Hazard Suit Head
1276;Armor Body
1279;Armor Head
2522;RazorGlaive
1271;Hazard Suit Body
1273;Hazard Suit Head
1276;Armor Body
1279;Armor Head
2522;RazorGlaive
1271;Hazard Suit Body
1273;Hazard Suit Head
1276;Armor Body
1279;Armor Head
2522;RazorGlaive
1271;Hazard Suit Body
1273;Hazard Suit Head
1276;Armor Body
1279;Armor Head
2522;RazorGlaive
1271;Hazard Suit Body
1273;Hazard Suit Head
1276;Armor Body
1279;Armor Head
2522;RazorGlaive
1271;Hazard Suit Body
1273;Hazard Suit Head
1276;Armor Body
1279;Armor Head
2522;RazorGlaive
1271;Hazard Suit Body
1273;Hazard Suit Head
1276;Armor Body
1279;Armor Head
3419;Lil Guy Stagger Up Razor
2522;RazorGlaive
1271;Hazard Suit Body
1273;Hazard Suit Head
1276;Armor Body
1279;Armor Head
2522;RazorGlaive
1271;Hazard Suit Body
1273;Hazard Suit Head
1276;Armor Body
1279;Armor Head
2522;RazorGlaive
1271;Hazard Suit Body
1273;Hazard Suit Head
1276;Armor Body
1279;Armor Head
2522;RazorGlaive
1271;Hazard Suit Body
1273;Hazard Suit Head
1276;Armor Body
1279;Armor Head
2522;RazorGlaive
1271;Hazard Suit Body
1273;Hazard Suit Head
1276;Armor Body
1279;Armor Head
2522;RazorGlaive
1271;Hazard Suit Body
1273;Hazard Suit Head
1276;Armor Body
1279;Armor Head
2522;RazorGlaive
1271;Hazard Suit Body
1273;Hazard Suit Head
1276;Armor Body
1279;Armor Head
2522;RazorGlaive
1271;Hazard Suit Body
1273;Hazard Suit Head
1276;Armor Body
1279;Armor Head
2522;RazorGlaive
1271;Hazard Suit Body
1273;Hazard Suit Head
1276;Armor Body
1279;Armor Head
2522;RazorGlaive
1271;Hazard Suit Body
1273;Hazard Suit Head
1276;Armor Body
1279;Armor Head
2522;RazorGlaive
1271;Hazard Suit Body
1273;Hazard Suit Head
1276;Armor Body
1279;Armor Head
2522;RazorGlaive
1271;Hazard Suit Body
1273;Hazard Suit Head
1276;Armor Body
1279;Armor Head
2522;RazorGlaive
1271;Hazard Suit Body
1273;Hazard Suit Head
1276;Armor Body
1279;Armor Head
2522;RazorGlaive
1271;Hazard Suit Body
1273;Hazard Suit Head
1276;Armor Body
1279;Armor Head
2522;RazorGlaive
1271;Hazard Suit Body
1273;Hazard Suit Head
1276;Armor Body
1279;Armor Head
2522;RazorGlaive
1271;Hazard Suit Body
1273;Hazard Suit Head
1276;Armor Body
1279;Armor Head
2522;RazorGlaive
1271;Hazard Suit Body
1273;Hazard Suit Head
1276;Armor Body
1279;Armor Head
2522;RazorGlaive
1271;Hazard Suit Body
1273;Hazard Suit Head
1276;Armor Body
1279;Armor Head
2522;RazorGlaive
1271;Hazard Suit Body
1273;Hazard Suit Head
1276;Armor Body
1279;Armor Head
2522;RazorGlaive
1271;Hazard Suit Body
1273;Hazard Suit Head
1276;Armor Body
1279;Armor Head
2522;RazorGlaive
1271;Hazard Suit Body
1273;Hazard Suit Head
1276;Armor Body
1279;Armor Head
2522;RazorGlaive
1271;Hazard Suit Body
1273;Hazard Suit Head
1276;Armor Body
1279;Armor Head
2522;RazorGlaive
1271;Hazard Suit Body
1273;Hazard Suit Head
1276;Armor Body
1279;Armor Head
2522;RazorGlaive
1271;Hazard Suit Body
1273;Hazard Suit Head
1276;Armor Body
1279;Armor Head
2522;RazorGlaive
1271;Hazard Suit Body
1273;Hazard Suit Head
1276;Armor Body
1279;Armor Head
2522;RazorGlaive
1271;Hazard Suit Body
1273;Hazard Suit Head
1276;Armor Body
1279;Armor Head
2522;RazorGlaive
1271;Hazard Suit Body
1273;Hazard Suit Head
1276;Armor Body
1279;Armor Head
2522;RazorGlaive
1271;Hazard Suit Body
1273;Hazard Suit Head
1276;Armor Body
1279;Armor Head
2522;RazorGlaive
1271;Hazard Suit Body
1273;Hazard Suit Head
1276;Armor Body
1279;Armor Head
2522;RazorGlaive
1271;Hazard Suit Body
1273;Hazard Suit Head
1276;Armor Body
1279;Armor Head
3421;Lil Guy Bounce Back Razor
